1bf427c6417f4ab9e703fd97a24ab8da4779d871,DELETE,regular-file,node_modules/.cache/default-development/0.pack,1077156,
dce68a3ecc6a1646cf7563ddad20d58a98922412,DELETE,regular-file,node_modules/.cache/default-development/1.pack,1339425,
84c52c65a8f609900cedbeb6b8843ea0c0d99cb3,DELETE,regular-file,node_modules/.cache/default-development/10.pack,100821,
c5973291f8584d49b7fb0f0b613870b0524c15ca,DELETE,regular-file,node_modules/.cache/default-development/11.pack,19504284,
d15a743041f8b7308f1bffcaec7ff31f1f3ca7f7,DELETE,regular-file,node_modules/.cache/default-development/12.pack,77183,
47a29421076a72674a2aa321f014784b619ae77c,DELETE,regular-file,node_modules/.cache/default-development/13.pack,2138489,
07e51e7962f2d629d6aa4baf9d25f0916035ccab,DELETE,regular-file,node_modules/.cache/default-development/14.pack,2417587,
b2505aead3c4c3e9806ba6d0a74f39023027a0e7,DELETE,regular-file,node_modules/.cache/default-development/15.pack,1369425,
b11457eb15f35cde51048ad452cfb719ab19fe10,DELETE,regular-file,node_modules/.cache/default-development/16.pack,1223288,
ee3dbfe75ed39a60768aace70afb13e3f642393a,DELETE,regular-file,node_modules/.cache/default-development/17.pack,4320523,
26b96f7f8d2d742d4ecf73c5bd80eb1dddeb2ea3,DELETE,regular-file,node_modules/.cache/default-development/18.pack,1315,
3a6f3c07711ca93bf0d5671a48b7c4287639d87f,DELETE,regular-file,node_modules/.cache/default-development/19.pack,64095,
f7b173ee5b3647b12494c90b0c37173447835af8,DELETE,regular-file,node_modules/.cache/default-development/2.pack,1143578,
919651799c85bb1b26b673663058304ee28d1cd0,DELETE,regular-file,node_modules/.cache/default-development/20.pack,1720147,
62718f8283f702fa5992574f2520bc444c9dedeb,DELETE,regular-file,node_modules/.cache/default-development/21.pack,36922,
c0b5af0178dcdbbe2290781c9982c06d8ef0178c,DELETE,regular-file,node_modules/.cache/default-development/22.pack,104400,
b56adc9f6cc2e03078561bbc3eb13b57ee6df57f,DELETE,regular-file,node_modules/.cache/default-development/23.pack,27728809,
a714d8310367740dc67b01f433a65dc9b98fe847,DELETE,regular-file,node_modules/.cache/default-development/24.pack,19619131,
f1e29117eb047ecb540308b121f071553ccb117b,DELETE,regular-file,node_modules/.cache/default-development/25.pack,36955,
3b4e470df2eedf2edfc4a583a23fdbaa55b5d618,DELETE,regular-file,node_modules/.cache/default-development/26.pack,161285,
dec8290eca5e6bc6ab29771d08229e7666dbecfb,DELETE,regular-file,node_modules/.cache/default-development/27.pack,106192,
273b6f6ca8044c55bc77111b25e297a065229399,DELETE,regular-file,node_modules/.cache/default-development/3.pack,52315,
472d11f56d9e30a76deb776afadbc3c337363c12,DELETE,regular-file,node_modules/.cache/default-development/4.pack,1510490,
9b5d8cc0f792dbed587786497abecec5b7965286,DELETE,regular-file,node_modules/.cache/default-development/5.pack,79523212,
6da9eacd04890f2cbdbf9e0f3b3490155e3f1489,DELETE,regular-file,node_modules/.cache/default-development/6.pack,47156191,
eb8f643c066e5c46eed207e7287cbf4e3e8d6f42,DELETE,regular-file,node_modules/.cache/default-development/7.pack,16279,
5c402357fdde6f98487095117781a15fab8dfab3,DELETE,regular-file,node_modules/.cache/default-development/8.pack,80019,
a072772606d6ead78aa8dd74b9d75984c3eb2f28,DELETE,regular-file,node_modules/.cache/default-development/9.pack,1468100,
8d2623fe5abc2d5e07830c9f631426dc02314f34,DELETE,regular-file,node_modules/.cache/default-development/index.pack,2281864,
